symbol,days,start,end
TXG,1082,2019-09-13,2023-12-29
MMM,15605,1962-01-03,2023-12-29
ABT,11040,1980-03-18,2023-12-29
ABBV,2767,2013-01-03,2023-12-29
ACHC,7508,1994-03-07,2023-12-29
ACN,5647,2001-07-20,2023-12-29
AYI,5556,2001-12-04,2023-12-29
ADM,11040,1980-03-18,2023-12-29
ADBE,9420,1986-08-14,2023-12-29
ADP,11040,1980-03-18,2023-12-29
ADT,1496,2018-01-22,2023-12-29
AAP,5558,2001-11-30,2023-12-29
WMS,2374,2014-07-28,2023-12-29
ACM,4189,2007-05-11,2023-12-29
AES,8189,1991-06-27,2023-12-29
AFRM,745,2021-01-14,2023-12-29
AFL,11040,1980-03-18,2023-12-29
AGCO,7984,1992-04-20,2023-12-29
A,6066,1999-11-19,2023-12-29
AGL,682,2021-04-16,2023-12-29
ADC,7479,1994-04-18,2023-12-29
AGNC,3933,2008-05-16,2023-12-29
AIG,12860,1973-01-03,2023-12-29
AL,3195,2011-04-20,2023-12-29
APD,11040,1980-03-18,2023-12-29
ABNB,767,2020-12-11,2023-12-29
AKAM,6080,1999-11-01,2023-12-29
ALK,11040,1980-03-18,2023-12-29
ALB,7516,1994-02-23,2023-12-29
ACI,883,2020-06-29,2023-12-29
AA,15605,1962-01-03,2023-12-29
ARE,6692,1997-05-29,2023-12-29
ALGN,5765,2001-01-31,2023-12-29
ALLE,2545,2013-11-19,2023-12-29
ALGM,796,2020-10-30,2023-12-29
LNT,12826,1973-02-22,2023-12-29
ALSN,2967,2012-03-16,2023-12-29
ALL,7699,1993-06-04,2023-12-29
ALLY,2498,2014-01-29,2023-12-29
ALNY,4929,2004-06-02,2023-12-29
GOOGL,4874,2004-08-20,2023-12-29
GOOG,4874,2004-08-20,2023-12-29
AYX,1703,2017-03-27,2023-12-29
MO,15605,1962-01-03,2023-12-29
AMZN,6700,1997-05-16,2023-12-29
AMC,2524,2013-12-19,2023-12-29
AMCR,2925,2012-05-16,2023-12-29
AMD,11040,1980-03-18,2023-12-29
DOX,6424,1998-06-22,2023-12-29
AMED,7394,1994-08-18,2023-12-29
AEE,6540,1998-01-05,2023-12-29
AAL,4595,2005-09-28,2023-12-29
AEP,15605,1962-01-03,2023-12-29
AXP,13006,1972-06-02,2023-12-29
AFG,11040,1980-03-18,2023-12-29
AMH,2621,2013-08-02,2023-12-29
AMT,6502,1998-03-02,2023-12-29
AWK,3949,2008-04-24,2023-12-29
COLD,1496,2018-01-22,2023-12-29
AMP,4603,2005-09-16,2023-12-29
AME,9942,1984-07-20,2023-12-29
AMG,6567,1997-11-24,2023-12-29
AMGN,10217,1983-06-20,2023-12-29
APH,8094,1991-11-11,2023-12-29
ADI,11040,1980-03-18,2023-12-29
NLY,6599,1997-10-09,2023-12-29
ANSS,6928,1996-06-21,2023-12-29
AM,1675,2017-05-05,2023-12-29
AR,2572,2013-10-11,2023-12-29
AON,10987,1980-06-03,2023-12-29
APA,11252,1979-05-16,2023-12-29
AIRC,764,2020-12-16,2023-12-29
APLS,1543,2017-11-10,2023-12-29
APO,3209,2011-03-31,2023-12-29
AAPL,10852,1980-12-15,2023-12-29
AMAT,11040,1980-03-18,2023-12-29
APP,682,2021-04-16,2023-12-29
ATR,7727,1993-04-26,2023-12-29
APTV,3047,2011-11-18,2023-12-29
ARMK,2528,2013-12-13,2023-12-29
ACGL,7122,1995-09-15,2023-12-29
AMBP,604,2021-08-06,2023-12-29
ARES,2432,2014-05-05,2023-12-29
ANET,2408,2014-06-09,2023-12-29
AWI,4328,2006-10-19,2023-12-29
ARW,11040,1980-03-18,2023-12-29
AJG,9962,1984-06-21,2023-12-29
ASH,11040,1980-03-18,2023-12-29
AZPN,7345,1994-10-27,2023-12-29
AIZ,5009,2004-02-06,2023-12-29
AGO,4955,2004-04-26,2023-12-29
T,10108,1983-11-22,2023-12-29
TEAM,2027,2015-12-10,2023-12-29
ATO,10083,1983-12-29,2023-12-29
ADSK,9703,1985-07-01,2023-12-29
AN,8473,1990-05-14,2023-12-29
AZO,8249,1991-04-03,2023-12-29
AVB,7503,1994-03-14,2023-12-29
AGR,2021,2015-12-18,2023-12-29
AVTR,1163,2019-05-20,2023-12-29
AVY,12826,1973-02-22,2023-12-29
CAR,10156,1983-09-15,2023-12-29
AVT,12776,1973-05-04,2023-12-29
AXTA,2297,2014-11-13,2023-12-29
AXS,5160,2003-07-02,2023-12-29
AXON,5668,2001-06-20,2023-12-29
AZEK,893,2020-06-15,2023-12-29
AZTA,7277,1995-02-03,2023-12-29
BKR,9257,1987-04-07,2023-12-29
BALL,12826,1973-02-22,2023-12-29
BAC,12826,1973-02-22,2023-12-29
OZK,6657,1997-07-18,2023-12-29
BBWI,10524,1982-04-02,2023-12-29
BAX,10632,1981-10-28,2023-12-29
BDX,12826,1973-02-22,2023-12-29
BSY,822,2020-09-24,2023-12-29
WRB,12656,1973-10-24,2023-12-29
BRK-B,6957,1996-05-10,2023-12-29
BERY,2826,2012-10-05,2023-12-29
BBY,9753,1985-04-19,2023-12-29
BILL,1018,2019-12-13,2023-12-29
BIO,11053,1980-02-28,2023-12-29
TECH,8789,1989-02-10,2023-12-29
BIIB,8132,1991-09-18,2023-12-29
BMRN,6148,1999-07-27,2023-12-29
BIRK,55,2023-10-12,2023-12-29
BJ,1385,2018-06-29,2023-12-29
BLK,6100,1999-10-04,2023-12-29
BX,4159,2007-06-25,2023-12-29
HRB,12826,1973-02-22,2023-12-29
SQ,2040,2015-11-20,2023-12-29
OWL,765,2020-12-15,2023-12-29
BK,12776,1973-05-04,2023-12-29
BA,15605,1962-01-03,2023-12-29
BOKF,8140,1991-09-06,2023-12-29
BKNG,6228,1999-04-01,2023-12-29
BAH,3299,2010-11-19,2023-12-29
BWA,7649,1993-08-16,2023-12-29
SAM,7074,1995-11-22,2023-12-29
BXP,6677,1997-06-19,2023-12-29
BSX,7962,1992-05-20,2023-12-29
BYD,7605,1993-10-18,2023-12-29
BFAM,2751,2013-01-28,2023-12-29
BHF,1625,2017-07-18,2023-12-29
BMY,13006,1972-06-02,2023-12-29
BRX,2558,2013-10-31,2023-12-29
AVGO,3624,2009-08-07,2023-12-29
BR,4223,2007-03-23,2023-12-29
BEPC,864,2020-07-27,2023-12-29
BRO,10811,1981-02-12,2023-12-29
BF-A,12776,1973-05-04,2023-12-29
BF-B,11040,1980-03-18,2023-12-29
BRKR,5887,2000-08-07,2023-12-29
BC,10587,1982-01-04,2023-12-29
BLDR,4658,2005-06-29,2023-12-29
BG,5637,2001-08-03,2023-12-29
BURL,2578,2013-10-03,2023-12-29
BWXT,3376,2010-08-03,2023-12-29
CHRW,6593,1997-10-17,2023-12-29
CABO,2153,2015-06-12,2023-12-29
CACI,11040,1980-03-18,2023-12-29
CDNS,9212,1987-06-11,2023-12-29
CZR,2334,2014-09-23,2023-12-29
CPT,7665,1993-07-23,2023-12-29
CPB,12826,1973-02-22,2023-12-29
COF,7330,1994-11-17,2023-12-29
CPRI,3028,2011-12-16,2023-12-29
CAH,10184,1983-08-05,2023-12-29
CSL,12826,1973-02-22,2023-12-29
CG,2933,2012-05-04,2023-12-29
KMX,6770,1997-02-05,2023-12-29
CCL,9181,1987-07-27,2023-12-29
CARR,952,2020-03-20,2023-12-29
CRI,5077,2003-10-29,2023-12-29
CASY,10130,1983-10-21,2023-12-29
CTLT,2370,2014-08-01,2023-12-29
CAT,15605,1962-01-03,2023-12-29
CAVA,135,2023-06-20,2023-12-29
CBOE,3409,2010-06-16,2023-12-29
CBRE,4922,2004-06-14,2023-12-29
CCCS,814,2020-10-06,2023-12-29
CDW,2645,2013-06-28,2023-12-29
CE,4767,2005-01-24,2023-12-29
CELH,4265,2007-01-23,2023-12-29
COR,7235,1995-04-05,2023-12-29
CNC,5548,2001-12-14,2023-12-29
CNP,15605,1962-01-03,2023-12-29
CDAY,1429,2018-04-27,2023-12-29
CERT,766,2020-12-14,2023-12-29
CF,4627,2005-08-12,2023-12-29
CHPT,1080,2019-09-17,2023-12-29
CRL,5916,2000-06-26,2023-12-29
SCHW,9140,1987-09-23,2023-12-29
CHTR,3520,2010-01-06,2023-12-29
CHE,12776,1973-05-04,2023-12-29
CC,2147,2015-06-22,2023-12-29
LNG,7488,1994-04-05,2023-12-29
CHK,726,2021-02-11,2023-12-29
CVX,15605,1962-01-03,2023-12-29
CMG,4512,2006-01-27,2023-12-29
CHH,6846,1996-10-17,2023-12-29
CB,7747,1993-03-26,2023-12-29
CHD,11040,1980-03-18,2023-12-29
CHDN,7745,1993-03-30,2023-12-29
CIEN,6767,1997-02-10,2023-12-29
CI,10525,1982-04-01,2023-12-29
CINF,11040,1980-03-18,2023-12-29
CTAS,10173,1983-08-22,2023-12-29
CRUS,8706,1989-06-12,2023-12-29
CSCO,8531,1990-02-20,2023-12-29
C,11849,1977-01-04,2023-12-29
CFG,2332,2014-09-25,2023-12-29
CLVT,1300,2018-10-30,2023-12-29
CLH,9095,1987-11-25,2023-12-29
CWEN-A,2632,2013-07-18,2023-12-29
CWEN,2171,2015-05-18,2023-12-29
CLF,12826,1973-02-22,2023-12-29
CLX,12826,1973-02-22,2023-12-29
NET,1081,2019-09-16,2023-12-29
CME,5301,2002-12-09,2023-12-29
CMS,12826,1973-02-22,2023-12-29
CNA,12826,1973-02-22,2023-12-29
CNHI,2580,2013-10-01,2023-12-29
KO,15605,1962-01-03,2023-12-29
CGNX,8678,1989-07-21,2023-12-29
CTSH,6424,1998-06-22,2023-12-29
COHR,9132,1987-10-05,2023-12-29
COIN,683,2021-04-15,2023-12-29
CL,12777,1973-05-03,2023-12-29
COLB,7943,1992-06-17,2023-12-29
COLM,6482,1998-03-30,2023-12-29
CMCSA,11040,1980-03-18,2023-12-29
CMA,11040,1980-03-18,2023-12-29
CBSH,11040,1980-03-18,2023-12-29
ED,15605,1962-01-03,2023-12-29
CAG,11040,1980-03-18,2023-12-29
CNXC,778,2020-11-25,2023-12-29
CFLT,633,2021-06-25,2023-12-29
COP,10587,1982-01-04,2023-12-29
STZ,8006,1992-03-18,2023-12-29
CEG,489,2022-01-20,2023-12-29
COO,10319,1983-01-24,2023-12-29
CPRT,7499,1994-03-18,2023-12-29
CNM,614,2021-07-23,2023-12-29
GLW,10587,1982-01-04,2023-12-29
CTVA,1158,2019-05-28,2023-12-29
CSGP,6416,1998-07-02,2023-12-29
COST,9445,1986-07-10,2023-12-29
CTRA,8537,1990-02-09,2023-12-29
COTY,2655,2013-06-14,2023-12-29
CPNG,706,2021-03-12,2023-12-29
CUZ,11040,1980-03-18,2023-12-29
CR,190,2023-03-30,2023-12-29
CXT,11040,1980-03-18,2023-12-29
CACC,7950,1992-06-08,2023-12-29
CROX,4503,2006-02-09,2023-12-29
CRWD,1146,2019-06-13,2023-12-29
CCI,6383,1998-08-19,2023-12-29
CCK,11040,1980-03-18,2023-12-29
CSX,10879,1980-11-05,2023-12-29
CUBE,4829,2004-10-25,2023-12-29
CMI,12826,1973-02-22,2023-12-29
CW,11040,1980-03-18,2023-12-29
CVS,12826,1973-02-22,2023-12-29
DHI,7950,1992-06-08,2023-12-29
DHR,11346,1979-01-02,2023-12-29
DRI,7211,1995-05-10,2023-12-29
DAR,7378,1994-09-12,2023-12-29
DDOG,1077,2019-09-20,2023-12-29
DVA,7089,1995-11-01,2023-12-29
DECK,7605,1993-10-18,2023-12-29
DE,13006,1972-06-02,2023-12-29
DAL,4194,2007-05-04,2023-12-29
XRAY,9168,1987-08-13,2023-12-29
DVN,9688,1985-07-23,2023-12-29
DXCM,4710,2005-04-15,2023-12-29
FANG,2820,2012-10-15,2023-12-29
DKS,5337,2002-10-17,2023-12-29
DLR,4824,2004-11-01,2023-12-29
DFS,4165,2007-06-15,2023-12-29
DISH,7181,1995-06-22,2023-12-29
DIS,15605,1962-01-03,2023-12-29
DOCU,1428,2018-04-30,2023-12-29
DLB,4748,2005-02-18,2023-12-29
DG,3554,2009-11-16,2023-12-29
DLTR,7255,1995-03-08,2023-12-29
D,11040,1980-03-18,2023-12-29
DPZ,4901,2004-07-14,2023-12-29
DCI,11040,1980-03-18,2023-12-29
DASH,768,2020-12-10,2023-12-29
DV,678,2021-04-22,2023-12-29
DOV,11040,1980-03-18,2023-12-29
DOW,1204,2019-03-21,2023-12-29
DOCS,633,2021-06-25,2023-12-29
DKNG,1116,2019-07-26,2023-12-29
DRVN,742,2021-01-20,2023-12-29
DBX,1452,2018-03-26,2023-12-29
DTM,628,2021-07-02,2023-12-29
DTE,15605,1962-01-03,2023-12-29
DUK,11040,1980-03-18,2023-12-29
DNB,880,2020-07-02,2023-12-29
DD,13006,1972-06-02,2023-12-29
DXC,10587,1982-01-04,2023-12-29
DT,1111,2019-08-02,2023-12-29
EXP,7482,1994-04-13,2023-12-29
EWBC,6267,1999-02-04,2023-12-29
EGP,12826,1973-02-22,2023-12-29
EMN,7564,1993-12-15,2023-12-29
ETN,13006,1972-06-02,2023-12-29
EBAY,6357,1998-09-25,2023-12-29
ECL,12826,1973-02-22,2023-12-29
EIX,12776,1973-05-04,2023-12-29
EW,5978,2000-03-28,2023-12-29
ELAN,1327,2018-09-21,2023-12-29
ESTC,1316,2018-10-08,2023-12-29
EA,8635,1989-09-21,2023-12-29
ESI,2564,2013-10-23,2023-12-29
ELV,5579,2001-10-31,2023-12-29
EME,7294,1995-01-11,2023-12-29
EMR,13006,1972-06-02,2023-12-29
EHC,9391,1986-09-25,2023-12-29
ENOV,3938,2008-05-09,2023-12-29
ENPH,2956,2012-04-02,2023-12-29
ENTG,5905,2000-07-12,2023-12-29
ETR,13006,1972-06-02,2023-12-29
NVST,1078,2019-09-19,2023-12-29
EOG,8625,1989-10-05,2023-12-29
EPAM,2992,2012-02-09,2023-12-29
EPR,6570,1997-11-19,2023-12-29
EQT,11040,1980-03-18,2023-12-29
EFX,11040,1980-03-18,2023-12-29
EQIX,5882,2000-08-14,2023-12-29
EQH,1419,2018-05-11,2023-12-29
ELS,7767,1993-02-26,2023-12-29
EQR,7650,1993-08-13,2023-12-29
ESAB,441,2022-03-30,2023-12-29
WTRG,11040,1980-03-18,2023-12-29
ESS,7444,1994-06-08,2023-12-29
EL,7076,1995-11-20,2023-12-29
ETSY,2192,2015-04-17,2023-12-29
EEFT,6748,1997-03-10,2023-12-29
EVR,4374,2006-08-15,2023-12-29
EG,7109,1995-10-04,2023-12-29
EVRG,12826,1973-02-22,2023-12-29
ES,12826,1973-02-22,2023-12-29
EXAS,5763,2001-02-02,2023-12-29
EXEL,5963,2000-04-18,2023-12-29
EXC,12777,1973-05-03,2023-12-29
EXPE,4642,2005-07-22,2023-12-29
EXPD,9894,1984-09-27,2023-12-29
EXR,4877,2004-08-17,2023-12-29
XOM,15605,1962-01-03,2023-12-29
FFIV,6183,1999-06-07,2023-12-29
FDS,6922,1996-07-01,2023-12-29
FAST,9162,1987-08-21,2023-12-29
FRT,12776,1973-05-04,2023-12-29
FDX,11528,1978-04-13,2023-12-29
FERG,3520,2010-01-06,2023-12-29
FICO,9183,1987-07-23,2023-12-29
FNF,4582,2005-10-17,2023-12-29
FITB,11040,1980-03-18,2023-12-29
FAF,3420,2010-06-01,2023-12-29
FCNCA,9371,1986-10-23,2023-12-29
FHB,1862,2016-08-08,2023-12-29
FHN,11040,1980-03-18,2023-12-29
FR,7431,1994-06-27,2023-12-29
FSLR,4306,2006-11-20,2023-12-29
FE,6576,1997-11-11,2023-12-29
FIS,5667,2001-06-21,2023-12-29
FI,9390,1986-09-26,2023-12-29
FIVE,2880,2012-07-20,2023-12-29
FIVN,2451,2014-04-07,2023-12-29
FLT,3281,2010-12-16,2023-12-29
FND,1680,2017-04-28,2023-12-29
FLO,11040,1980-03-18,2023-12-29
FLS,11040,1980-03-18,2023-12-29
FMC,11040,1980-03-18,2023-12-29
FNB,9407,1986-09-03,2023-12-29
F,13006,1972-06-02,2023-12-29
FTNT,3551,2009-11-19,2023-12-29
FTV,1885,2016-07-06,2023-12-29
FTRE,134,2023-06-21,2023-12-29
FBIN,3091,2011-09-19,2023-12-29
FOXA,1210,2019-03-13,2023-12-29
FOX,1209,2019-03-14,2023-12-29
BEN,10149,1983-09-26,2023-12-29
FCX,7169,1995-07-11,2023-12-29
FRPT,2300,2014-11-10,2023-12-29
FYBR,669,2021-05-05,2023-12-29
CFR,11040,1980-03-18,2023-12-29
FCN,6957,1996-05-10,2023-12-29
GME,5507,2002-02-14,2023-12-29
GLPI,2570,2013-10-15,2023-12-29
GPS,11040,1980-03-18,2023-12-29
GRMN,5799,2000-12-11,2023-12-29
IT,7613,1993-10-06,2023-12-29
GTES,1492,2018-01-26,2023-12-29
GE,15605,1962-01-03,2023-12-29
GEHC,260,2022-12-16,2023-12-29
GEN,8696,1989-06-26,2023-12-29
GNRC,3494,2010-02-12,2023-12-29
GD,15605,1962-01-03,2023-12-29
GIS,11040,1980-03-18,2023-12-29
GM,3299,2010-11-19,2023-12-29
G,4131,2007-08-03,2023-12-29
GNTX,10593,1981-12-23,2023-12-29
GPC,11040,1980-03-18,2023-12-29
GILD,8044,1992-01-23,2023-12-29
DNA,680,2021-04-20,2023-12-29
GTLB,555,2021-10-15,2023-12-29
GPN,5775,2001-01-17,2023-12-29
GFS,545,2021-10-29,2023-12-29
GLOB,2379,2014-07-21,2023-12-29
GL,10902,1980-10-02,2023-12-29
GMED,2869,2012-08-06,2023-12-29
GDDY,2203,2015-04-01,2023-12-29
GS,6205,1999-05-05,2023-12-29
GGG,11040,1980-03-18,2023-12-29
GWW,12826,1973-02-22,2023-12-29
LOPE,3801,2008-11-21,2023-12-29
GPK,7819,1992-12-11,2023-12-29
GO,1140,2019-06-21,2023-12-29
GWRE,3002,2012-01-26,2023-12-29
GXO,614,2021-07-23,2023-12-29
HAL,13006,1972-06-02,2023-12-29
THG,7103,1995-10-12,2023-12-29
HOG,9446,1986-07-09,2023-12-29
HIG,7057,1995-12-18,2023-12-29
HAS,11040,1980-03-18,2023-12-29
HCP,516,2021-12-10,2023-12-29
HE,12826,1973-02-22,2023-12-29
HAYW,705,2021-03-15,2023-12-29
HCA,3223,2011-03-11,2023-12-29
HR,7703,1993-05-28,2023-12-29
PEAK,9728,1985-05-24,2023-12-29
HEI-A,6462,1998-04-28,2023-12-29
HEI,11040,1980-03-18,2023-12-29
JKHY,9603,1985-11-21,2023-12-29
HSY,11040,1980-03-18,2023-12-29
HTZ,628,2021-07-02,2023-12-29
HES,11040,1980-03-18,2023-12-29
HPE,2063,2015-10-20,2023-12-29
HXL,11040,1980-03-18,2023-12-29
DINO,11040,1980-03-18,2023-12-29
HIW,7443,1994-06-09,2023-12-29
HLT,2528,2013-12-13,2023-12-29
HOLX,8523,1990-03-02,2023-12-29
HD,10657,1981-09-23,2023-12-29
HON,15605,1962-01-03,2023-12-29
HRL,11040,1980-03-18,2023-12-29
HST,11040,1980-03-18,2023-12-29
HLI,2109,2015-08-14,2023-12-29
HHH,3308,2010-11-08,2023-12-29
HWM,1801,2016-11-02,2023-12-29
HPQ,15605,1962-01-03,2023-12-29
HUBB,12874,1972-06-13,2023-12-29
HUBS,2321,2014-10-10,2023-12-29
HUM,10587,1982-01-04,2023-12-29
HBAN,11040,1980-03-18,2023-12-29
HII,3215,2011-03-23,2023-12-29
HUN,4751,2005-02-15,2023-12-29
H,3560,2009-11-06,2023-12-29
IAC,7793,1993-01-20,2023-12-29
IBM,15605,1962-01-03,2023-12-29
ICLR,6448,1998-05-18,2023-12-29
ICUI,7996,1992-04-01,2023-12-29
IDA,12826,1973-02-22,2023-12-29
IEX,8711,1989-06-05,2023-12-29
IDXX,8192,1991-06-24,2023-12-29
ITW,12812,1973-03-14,2023-12-29
ILMN,5892,2000-07-31,2023-12-29
INCY,7591,1993-11-05,2023-12-29
INFA,546,2021-10-28,2023-12-29
IR,1669,2017-05-15,2023-12-29
INGR,6554,1997-12-12,2023-12-29
INSP,1424,2018-05-04,2023-12-29
PODD,4186,2007-05-16,2023-12-29
IART,7142,1995-08-17,2023-12-29
INTC,11040,1980-03-18,2023-12-29
IBKR,4193,2007-05-07,2023-12-29
ICE,4559,2005-11-17,2023-12-29
IFF,12365,1974-12-18,2023-12-29
IP,15605,1962-01-03,2023-12-29
INTU,7756,1993-03-15,2023-12-29
ISRG,5921,2000-06-19,2023-12-29
IVZ,7135,1995-08-28,2023-12-29
INVH,1739,2017-02-02,2023-12-29
IONS,8216,1991-05-20,2023-12-29
IPG,11040,1980-03-18,2023-12-29
IPGP,4289,2006-12-14,2023-12-29
IQV,2679,2013-05-10,2023-12-29
IRDM,3972,2008-03-24,2023-12-29
IRM,7025,1996-02-02,2023-12-29
ITT,7057,1995-12-18,2023-12-29
JBL,7721,1993-05-04,2023-12-29
J,11040,1980-03-18,2023-12-29
JHG,1658,2017-05-31,2023-12-29
JAZZ,4174,2007-06-04,2023-12-29
JBHT,10107,1983-11-23,2023-12-29
JEF,11040,1980-03-18,2023-12-29
JNJ,15605,1962-01-03,2023-12-29
JCI,9136,1987-09-29,2023-12-29
JLL,6657,1997-07-18,2023-12-29
JPM,11040,1980-03-18,2023-12-29
JNPR,6168,1999-06-28,2023-12-29
KRTX,1134,2019-07-01,2023-12-29
KBR,4307,2006-11-17,2023-12-29
K,12826,1973-02-22,2023-12-29
KMPR,8487,1990-04-24,2023-12-29
KVUE,165,2023-05-05,2023-12-29
KDP,3939,2008-05-08,2023-12-29
KEY,9108,1987-11-06,2023-12-29
KEYS,2314,2014-10-21,2023-12-29
KRC,6774,1997-01-30,2023-12-29
KMB,11040,1980-03-18,2023-12-29
KIM,8084,1991-11-25,2023-12-29
KMI,3241,2011-02-14,2023-12-29
KNSL,1868,2016-07-29,2023-12-29
KEX,11040,1980-03-18,2023-12-29
KKR,3388,2010-07-16,2023-12-29
KLAC,10897,1980-10-09,2023-12-29
KNX,7346,1994-10-26,2023-12-29
KSS,7962,1992-05-20,2023-12-29
KHC,2137,2015-07-07,2023-12-29
KR,15605,1962-01-03,2023-12-29
KD,549,2021-10-25,2023-12-29
LHX,10587,1982-01-04,2023-12-29
LH,8503,1990-03-30,2023-12-29
LRCX,9994,1984-05-07,2023-12-29
LAMR,6898,1996-08-05,2023-12-29
LW,1794,2016-11-11,2023-12-29
LSTR,7761,1993-03-08,2023-12-29
LVS,4792,2004-12-16,2023-12-29
LSCC,8599,1989-11-10,2023-12-29
LAZ,4695,2005-05-06,2023-12-29
LEA,3558,2009-11-10,2023-12-29
LEG,11040,1980-03-18,2023-12-29
LDOS,4329,2006-10-18,2023-12-29
LEN,11040,1980-03-18,2023-12-29
LEN-B,5208,2003-04-24,2023-12-29
LII,6145,1999-07-30,2023-12-29
LBRDA,2303,2014-11-05,2023-12-29
LBRDK,2302,2014-11-06,2023-12-29
FWONA,2761,2013-01-11,2023-12-29
FWONK,2387,2014-07-09,2023-12-29
LLYVA,96,2023-08-15,2023-12-29
LLYVK,100,2023-08-09,2023-12-29
LSXMA,1939,2016-04-19,2023-12-29
LSXMK,1939,2016-04-19,2023-12-29
LLY,13006,1972-06-02,2023-12-29
LECO,7485,1994-04-08,2023-12-29
LNC,11040,1980-03-18,2023-12-29
LIN,7942,1992-06-18,2023-12-29
LAD,6802,1996-12-19,2023-12-29
LFUS,7875,1992-09-23,2023-12-29
LYV,4535,2005-12-22,2023-12-29
LKQ,5093,2003-10-07,2023-12-29
LMT,11849,1977-01-04,2023-12-29
L,11040,1980-03-18,2023-12-29
LPX,11040,1980-03-18,2023-12-29
LOW,11040,1980-03-18,2023-12-29
LPLA,3299,2010-11-19,2023-12-29
LCID,825,2020-09-21,2023-12-29
LULU,4135,2007-07-30,2023-12-29
LITE,2124,2015-07-24,2023-12-29
LYFT,1197,2019-04-01,2023-12-29
LYB,3442,2010-04-29,2023-12-29
MTB,11040,1980-03-18,2023-12-29
M,8034,1992-02-06,2023-12-29
MSGS,2085,2015-09-18,2023-12-29
MANH,6464,1998-04-24,2023-12-29
MAN,8877,1988-10-06,2023-12-29
CART,71,2023-09-20,2023-12-29
MRO,15605,1962-01-03,2023-12-29
MPC,3149,2011-06-27,2023-12-29
MRVI,780,2020-11-23,2023-12-29
MKL,9335,1986-12-15,2023-12-29
MKTX,4819,2004-11-08,2023-12-29
MAR,6486,1998-03-24,2023-12-29
VAC,3054,2011-11-09,2023-12-29
MMC,12826,1973-02-22,2023-12-29
MLM,7518,1994-02-18,2023-12-29
MRVL,5911,2000-07-03,2023-12-29
MAS,11040,1980-03-18,2023-12-29
MASI,4127,2007-08-09,2023-12-29
MTZ,12826,1973-02-22,2023-12-29
MA,4429,2006-05-26,2023-12-29
MTCH,7793,1993-01-20,2023-12-29
MAT,11986,1976-06-18,2023-12-29
MKC,12826,1973-02-22,2023-12-29
MCD,14470,1966-07-06,2023-12-29
MCK,7334,1994-11-11,2023-12-29
MDU,12826,1973-02-22,2023-12-29
MPW,4651,2005-07-11,2023-12-29
MEDP,1858,2016-08-12,2023-12-29
MDT,12777,1973-05-03,2023-12-29
MRK,15605,1962-01-03,2023-12-29
MRCY,6521,1998-02-02,2023-12-29
META,2922,2012-05-21,2023-12-29
MET,5971,2000-04-06,2023-12-29
MTD,6572,1997-11-17,2023-12-29
MTG,8160,1991-08-08,2023-12-29
MGM,8986,1988-05-03,2023-12-29
MCHP,7751,1993-03-22,2023-12-29
MU,9975,1984-06-04,2023-12-29
MSFT,9526,1986-03-14,2023-12-29
MAA,7532,1994-01-31,2023-12-29
MIDD,9170,1987-08-11,2023-12-29
MRTX,2634,2013-07-16,2023-12-29
MCW,632,2021-06-28,2023-12-29
MKSI,6229,1999-03-31,2023-12-29
MRNA,1273,2018-12-10,2023-12-29
MHK,7995,1992-04-02,2023-12-29
MOH,5159,2003-07-03,2023-12-29
TAP,12243,1975-06-13,2023-12-29
MDLZ,5672,2001-06-14,2023-12-29
MDB,1558,2017-10-20,2023-12-29
MPWR,4809,2004-11-22,2023-12-29
MNST,9591,1985-12-10,2023-12-29
MCO,7342,1994-11-01,2023-12-29
MS,7769,1993-02-24,2023-12-29
MORN,4697,2005-05-04,2023-12-29
MOS,9053,1988-01-27,2023-12-29
MSI,15605,1962-01-03,2023-12-29
MP,887,2020-06-23,2023-12-29
MSA,12825,1973-02-23,2023-12-29
MSM,7057,1995-12-18,2023-12-29
MSCI,4057,2007-11-16,2023-12-29
MUSA,2609,2013-08-20,2023-12-29
NDAQ,5412,2002-07-02,2023-12-29
NTRA,2139,2015-07-02,2023-12-29
NFG,12776,1973-05-04,2023-12-29
NSA,2188,2015-04-23,2023-12-29
NCNO,872,2020-07-15,2023-12-29
NATL,52,2023-10-17,2023-12-29
VYX,6807,1996-12-12,2023-12-29
NLOP,37,2023-11-07,2023-12-29
NTAP,7074,1995-11-22,2023-12-29
NFLX,5438,2002-05-24,2023-12-29
NBIX,6947,1996-05-24,2023-12-29
NFE,1237,2019-02-01,2023-12-29
NYCB,7578,1993-11-24,2023-12-29
NYT,12776,1973-05-04,2023-12-29
NWL,11040,1980-03-18,2023-12-29
NEU,11040,1980-03-18,2023-12-29
NEM,11040,1980-03-18,2023-12-29
NWSA,2651,2013-06-20,2023-12-29
NWS,2651,2013-06-20,2023-12-29
NXST,5057,2003-11-26,2023-12-29
NEE,12826,1973-02-22,2023-12-29
NKE,10860,1980-12-03,2023-12-29
NI,12826,1973-02-22,2023-12-29
NNN,9885,1984-10-10,2023-12-29
NDSN,11039,1980-03-19,2023-12-29
JWN,11040,1980-03-18,2023-12-29
NSC,10482,1982-06-03,2023-12-29
NTRS,11040,1980-03-18,2023-12-29
NOC,10587,1982-01-04,2023-12-29
NCLH,2755,2013-01-22,2023-12-29
NOV,6837,1996-10-30,2023-12-29
NVCR,2075,2015-10-02,2023-12-29
NRG,5053,2003-12-03,2023-12-29
NU,516,2021-12-10,2023-12-29
NUE,11040,1980-03-18,2023-12-29
NTNX,1823,2016-10-03,2023-12-29
NVT,1431,2018-04-25,2023-12-29
NVDA,6275,1999-01-25,2023-12-29
NVR,9688,1985-07-23,2023-12-29
ORLY,7727,1993-04-26,2023-12-29
OXY,10587,1982-01-04,2023-12-29
OGE,12826,1973-02-22,2023-12-29
OKTA,1693,2017-04-10,2023-12-29
OLPX,565,2021-10-01,2023-12-29
ODFL,8105,1991-10-25,2023-12-29
ORI,11040,1980-03-18,2023-12-29
OLN,12826,1973-02-22,2023-12-29
OLLI,2129,2015-07-17,2023-12-29
OHI,7906,1992-08-10,2023-12-29
OMC,11040,1980-03-18,2023-12-29
ON,5953,2000-05-03,2023-12-29
OMF,2568,2013-10-17,2023-12-29
OKE,10902,1980-10-02,2023-12-29
ORCL,9527,1986-03-13,2023-12-29
OGN,661,2021-05-17,2023-12-29
OSK,9638,1985-10-03,2023-12-29
OTIS,952,2020-03-20,2023-12-29
OVV,5471,2002-04-09,2023-12-29
OC,4318,2006-11-02,2023-12-29
PCAR,11040,1980-03-18,2023-12-29
PKG,6018,2000-01-31,2023-12-29
PLTR,817,2020-10-01,2023-12-29
PANW,2879,2012-07-23,2023-12-29
PARAA,1023,2019-12-06,2023-12-29
PARA,4547,2005-12-06,2023-12-29
PK,1758,2017-01-05,2023-12-29
PH,11040,1980-03-18,2023-12-29
PAYX,10168,1983-08-29,2023-12-29
PAYC,2444,2014-04-16,2023-12-29
PYCR,615,2021-07-22,2023-12-29
PCTY,2463,2014-03-20,2023-12-29
PYPL,2137,2015-07-07,2023-12-29
PEGA,6908,1996-07-22,2023-12-29
PTON,1072,2019-09-27,2023-12-29
PENN,7451,1994-05-27,2023-12-29
PAG,6841,1996-10-24,2023-12-29
PNR,12776,1973-05-04,2023-12-29
PEN,2084,2015-09-21,2023-12-29
PEP,13006,1972-06-02,2023-12-29
PFGC,2076,2015-10-01,2023-12-29
PRGO,8068,1991-12-18,2023-12-29
WOOF,744,2021-01-15,2023-12-29
PFE,13006,1972-06-02,2023-12-29
PCG,13006,1972-06-02,2023-12-29
PM,3975,2008-03-18,2023-12-29
PSX,2948,2012-04-13,2023-12-29
PHIN,124,2023-07-06,2023-12-29
PPC,9071,1987-12-31,2023-12-29
PNFP,5875,2000-08-23,2023-12-29
PNW,12826,1973-02-22,2023-12-29
PINS,1183,2019-04-22,2023-12-29
PXD,6641,1997-08-11,2023-12-29
PLNT,2114,2015-08-07,2023-12-29
PLTK,742,2021-01-20,2023-12-29
PLUG,6080,1999-11-01,2023-12-29
PNC,12133,1975-11-18,2023-12-29
PII,9144,1987-09-17,2023-12-29
POOL,7101,1995-10-16,2023-12-29
BPOP,11040,1980-03-18,2023-12-29
POST,3000,2012-01-30,2023-12-29
PPG,11040,1980-03-18,2023-12-29
PPL,11040,1980-03-18,2023-12-29
PINC,2582,2013-09-27,2023-12-29
TROW,9513,1986-04-03,2023-12-29
PRI,3460,2010-04-05,2023-12-29
PFG,5584,2001-10-24,2023-12-29
PCOR,657,2021-05-21,2023-12-29
PG,15605,1962-01-03,2023-12-29
PGR,11040,1980-03-18,2023-12-29
PLD,6567,1997-11-24,2023-12-29
PB,6322,1998-11-13,2023-12-29
PRU,5548,2001-12-14,2023-12-29
PTC,8579,1989-12-11,2023-12-29
PSA,10869,1980-11-19,2023-12-29
PEG,11092,1980-01-03,2023-12-29
PHM,11040,1980-03-18,2023-12-29
PSTG,2072,2015-10-07,2023-12-29
PVH,11040,1980-03-18,2023-12-29
QGEN,6922,1996-07-01,2023-12-29
QRVO,2263,2015-01-05,2023-12-29
QCOM,8070,1991-12-16,2023-12-29
PWR,6512,1998-02-13,2023-12-29
QS,848,2020-08-18,2023-12-29
DGX,6803,1996-12-18,2023-12-29
QDEL,8289,1991-02-04,2023-12-29
RCM,1709,2017-03-17,2023-12-29
RL,6681,1997-06-13,2023-12-29
RRC,10974,1980-06-20,2023-12-29
RJF,10207,1983-07-05,2023-12-29
RYN,7518,1994-02-18,2023-12-29
RTX,15542,1962-04-03,2023-12-29
RBC,4628,2005-08-11,2023-12-29
O,7351,1994-10-19,2023-12-29
RRX,11040,1980-03-18,2023-12-29
REG,7595,1993-11-01,2023-12-29
REGN,8249,1991-04-03,2023-12-29
RF,11040,1980-03-18,2023-12-29
RGA,3850,2008-09-15,2023-12-29
RS,7373,1994-09-19,2023-12-29
RNR,7156,1995-07-28,2023-12-29
RGEN,9494,1986-04-30,2023-12-29
RSG,6416,1998-07-02,2023-12-29
RMD,7194,1995-06-05,2023-12-29
RVTY,12826,1973-02-22,2023-12-29
REXR,2630,2013-07-22,2023-12-29
REYN,985,2020-02-03,2023-12-29
RH,2807,2012-11-05,2023-12-29
RNG,2581,2013-09-30,2023-12-29
RBA,6495,1998-03-11,2023-12-29
RITM,2684,2013-05-03,2023-12-29
RIVN,536,2021-11-11,2023-12-29
RLI,11040,1980-03-18,2023-12-29
RHI,11040,1980-03-18,2023-12-29
HOOD,609,2021-07-30,2023-12-29
RBLX,707,2021-03-11,2023-12-29
RKT,855,2020-08-07,2023-12-29
ROK,10587,1982-01-04,2023-12-29
ROIV,769,2020-12-09,2023-12-29
ROKU,1573,2017-09-29,2023-12-29
ROL,11040,1980-03-18,2023-12-29
ROP,8028,1992-02-14,2023-12-29
ROST,9675,1985-08-09,2023-12-29
RCL,7724,1993-04-29,2023-12-29
RGLD,10730,1981-06-10,2023-12-29
RPRX,891,2020-06-17,2023-12-29
RPM,11040,1980-03-18,2023-12-29
RYAN,614,2021-07-23,2023-12-29
R,11092,1980-01-03,2023-12-29
SPGI,12826,1973-02-22,2023-12-29
SAIA,5362,2002-09-12,2023-12-29
SAIC,2590,2013-09-17,2023-12-29
CRM,4914,2004-06-24,2023-12-29
SLM,10149,1983-09-26,2023-12-29
SRPT,6687,1997-06-05,2023-12-29
SBAC,6175,1999-06-17,2023-12-29
HSIC,7086,1995-11-06,2023-12-29
SLB,10587,1982-01-04,2023-12-29
SNDR,1694,2017-04-07,2023-12-29
SMG,8037,1992-02-03,2023-12-29
SEB,12825,1973-02-23,2023-12-29
SEE,11040,1980-03-18,2023-12-29
SEIC,10782,1981-03-26,2023-12-29
SRE,6418,1998-06-30,2023-12-29
ST,3475,2010-03-12,2023-12-29
S,629,2021-07-01,2023-12-29
SCI,11040,1980-03-18,2023-12-29
NOW,2893,2012-07-02,2023-12-29
SHW,11040,1980-03-18,2023-12-29
FOUR,898,2020-06-08,2023-12-29
SWAV,1213,2019-03-08,2023-12-29
SLGN,6762,1997-02-18,2023-12-29
SPG,7564,1993-12-15,2023-12-29
SIRI,7376,1994-09-14,2023-12-29
SITE,1921,2016-05-13,2023-12-29
SKX,6180,1999-06-10,2023-12-29
SWKS,9907,1984-09-10,2023-12-29
SMAR,1428,2018-04-30,2023-12-29
AOS,10144,1983-10-03,2023-12-29
SJM,7342,1994-11-01,2023-12-29
SNA,12826,1973-02-22,2023-12-29
SNOW,827,2020-09-17,2023-12-29
SOFI,752,2021-01-05,2023-12-29
SON,11040,1980-03-18,2023-12-29
SHC,780,2020-11-23,2023-12-29
SO,10587,1982-01-04,2023-12-29
SCCO,7044,1996-01-08,2023-12-29
LUV,11092,1980-01-03,2023-12-29
SWN,11040,1980-03-18,2023-12-29
SPB,11345,1979-01-03,2023-12-29
SPR,4300,2006-11-29,2023-12-29
SRC,2836,2012-09-21,2023-12-29
SPLK,2943,2012-04-20,2023-12-29
SPOT,1446,2018-04-04,2023-12-29
SSNC,3461,2010-04-01,2023-12-29
SSRM,6899,1996-08-02,2023-12-29
STAG,3197,2011-04-18,2023-12-29
SWK,11040,1980-03-18,2023-12-29
SBUX,7935,1992-06-29,2023-12-29
STWD,3620,2009-08-13,2023-12-29
STT,11040,1980-03-18,2023-12-29
STLD,6819,1996-11-25,2023-12-29
SRCL,6883,1996-08-26,2023-12-29
STE,7954,1992-06-02,2023-12-29
SF,10196,1983-07-20,2023-12-29
SYK,11040,1980-03-18,2023-12-29
SUI,7567,1993-12-10,2023-12-29
RUN,2115,2015-08-06,2023-12-29
SYF,2370,2014-08-01,2023-12-29
SNPS,8020,1992-02-27,2023-12-29
SNV,8641,1989-09-13,2023-12-29
SYY,12773,1973-05-09,2023-12-29
TMUS,4204,2007-04-20,2023-12-29
TTWO,6722,1997-04-16,2023-12-29
TNDM,2547,2013-11-15,2023-12-29
TPR,5843,2000-10-09,2023-12-29
TRGP,3287,2010-12-08,2023-12-29
TGT,12826,1973-02-22,2023-12-29
SNX,5057,2003-11-26,2023-12-29
FTI,5670,2001-06-18,2023-12-29
TDOC,2140,2015-07-01,2023-12-29
TDY,6063,1999-11-24,2023-12-29
TFX,11040,1980-03-18,2023-12-29
TPX,5041,2003-12-19,2023-12-29
THC,11040,1980-03-18,2023-12-29
TDC,4090,2007-10-02,2023-12-29
TER,12826,1973-02-22,2023-12-29
TSLA,3399,2010-06-30,2023-12-29
TTEK,8068,1991-12-18,2023-12-29
TXN,13006,1972-06-02,2023-12-29
TPL,11040,1980-03-18,2023-12-29
TXRH,4842,2004-10-06,2023-12-29
TXT,12826,1973-02-22,2023-12-29
TMO,11040,1980-03-18,2023-12-29
TFSL,4202,2007-04-24,2023-12-29
THO,10075,1984-01-11,2023-12-29
TKR,12826,1973-02-22,2023-12-29
TJX,9200,1987-06-29,2023-12-29
TKO,6088,1999-10-20,2023-12-29
TOST,571,2021-09-23,2023-12-29
TOL,9446,1986-07-09,2023-12-29
BLD,2149,2015-06-18,2023-12-29
TTC,11040,1980-03-18,2023-12-29
TPG,492,2022-01-14,2023-12-29
TSCO,7518,1994-02-18,2023-12-29
TTD,1830,2016-09-22,2023-12-29
TW,1193,2019-04-05,2023-12-29
TT,11040,1980-03-18,2023-12-29
TDG,4479,2006-03-16,2023-12-29
TRU,2143,2015-06-26,2023-12-29
TNL,4392,2006-07-20,2023-12-29
TRV,12133,1975-11-18,2023-12-29
TREX,6223,1999-04-09,2023-12-29
TRMB,8425,1990-07-23,2023-12-29
TRIP,3034,2011-12-08,2023-12-29
TFC,11039,1980-03-19,2023-12-29
TWLO,1892,2016-06-24,2023-12-29
TYL,11040,1980-03-18,2023-12-29
TSN,11040,1980-03-18,2023-12-29
UHAL,7338,1994-11-07,2023-12-29
UHAL-B,284,2022-11-11,2023-12-29
X,8241,1991-04-15,2023-12-29
UBER,1168,2019-05-13,2023-12-29
UI,3071,2011-10-17,2023-12-29
UDR,11040,1980-03-18,2023-12-29
UGI,12826,1973-02-22,2023-12-29
PATH,678,2021-04-22,2023-12-29
ULTA,4072,2007-10-26,2023-12-29
RARE,2495,2014-02-03,2023-12-29
UAA,4557,2005-11-21,2023-12-29
UA,1956,2016-03-24,2023-12-29
UNP,11092,1980-01-03,2023-12-29
UAL,4505,2006-02-07,2023-12-29
UPS,6072,1999-11-11,2023-12-29
URI,6549,1997-12-19,2023-12-29
UTHR,6174,1999-06-18,2023-12-29
UWMC,922,2020-05-04,2023-12-29
UNH,9879,1984-10-18,2023-12-29
U,825,2020-09-21,2023-12-29
OLED,6977,1996-04-12,2023-12-29
UHS,10709,1981-07-10,2023-12-29
UNM,9360,1986-11-07,2023-12-29
USB,12776,1973-05-04,2023-12-29
USFD,1911,2016-05-27,2023-12-29
MTN,6770,1997-02-05,2023-12-29
VLO,10586,1982-01-05,2023-12-29
VMI,12826,1973-02-22,2023-12-29
VVV,1828,2016-09-26,2023-12-29
VEEV,2568,2013-10-17,2023-12-29
VTR,6708,1997-05-06,2023-12-29
VLTO,60,2023-10-05,2023-12-29
VRSN,6521,1998-02-02,2023-12-29
VRSK,3581,2009-10-08,2023-12-29
VZ,10108,1983-11-22,2023-12-29
VRTX,8170,1991-07-25,2023-12-29
VRT,1361,2018-08-03,2023-12-29
VSTS,61,2023-10-04,2023-12-29
VFC,11040,1980-03-18,2023-12-29
VSAT,6813,1996-12-04,2023-12-29
VTRS,11040,1980-03-18,2023-12-29
VICI,1508,2018-01-03,2023-12-29
VSCO,615,2021-07-22,2023-12-29
VIRT,2192,2015-04-17,2023-12-29
V,3973,2008-03-20,2023-12-29
VST,1820,2016-10-06,2023-12-29
VNT,821,2020-09-25,2023-12-29
VNO,11040,1980-03-18,2023-12-29
VOYA,2684,2013-05-03,2023-12-29
VMC,12826,1973-02-22,2023-12-29
WPC,6528,1998-01-22,2023-12-29
WAB,7184,1995-06-19,2023-12-29
WBA,11040,1980-03-18,2023-12-29
WMT,12946,1972-08-28,2023-12-29
WBD,4651,2005-07-11,2023-12-29
WM,8950,1988-06-23,2023-12-29
WAT,7076,1995-11-20,2023-12-29
WSO,9971,1984-06-08,2023-12-29
W,2326,2014-10-03,2023-12-29
WBS,9335,1986-12-15,2023-12-29
WEC,11040,1980-03-18,2023-12-29
WFC,13006,1972-06-02,2023-12-29
WELL,11038,1980-03-20,2023-12-29
WEN,11005,1980-05-07,2023-12-29
WCC,6199,1999-05-13,2023-12-29
WST,11040,1980-03-18,2023-12-29
WAL,4655,2005-07-05,2023-12-29
WDC,11387,1978-11-01,2023-12-29
WU,4340,2006-10-03,2023-12-29
WLK,4879,2004-08-13,2023-12-29
WRK,2144,2015-06-25,2023-12-29
WEX,4749,2005-02-17,2023-12-29
WY,12776,1973-05-04,2023-12-29
WHR,12826,1973-02-22,2023-12-29
WTM,9623,1985-10-24,2023-12-29
WMB,10587,1982-01-04,2023-12-29
WSM,10204,1983-07-08,2023-12-29
WTW,5673,2001-06-13,2023-12-29
WSC,2050,2015-11-06,2023-12-29
WING,2152,2015-06-15,2023-12-29
WTFC,6469,1998-04-17,2023-12-29
KLG,62,2023-10-03,2023-12-29
WOLF,7778,1993-02-10,2023-12-29
WWD,7488,1994-04-05,2023-12-29
WDAY,2820,2012-10-15,2023-12-29
WH,1412,2018-05-22,2023-12-29
WYNN,5330,2002-10-28,2023-12-29
XEL,12826,1973-02-22,2023-12-29
XP,1019,2019-12-12,2023-12-29
XPO,5092,2003-10-08,2023-12-29
XYL,3072,2011-10-14,2023-12-29
YETI,1302,2018-10-26,2023-12-29
YUM,6614,1997-09-18,2023-12-29
ZBRA,8154,1991-08-16,2023-12-29
ZG,3132,2011-07-21,2023-12-29
Z,2117,2015-08-04,2023-12-29
ZBH,5643,2001-07-26,2023-12-29
ZION,11040,1980-03-18,2023-12-29
ZTS,2746,2013-02-04,2023-12-29
ZM,1183,2019-04-22,2023-12-29
ZI,899,2020-06-05,2023-12-29
ZS,1457,2018-03-19,2023-12-29
